Algorithm,Start,Goal,Path Length,Expanded Nodes,Time(ms)
BFS,"(0, 0)","(6, 4)",35,57,8369.354009628296
DFS,"(0, 0)","(6, 4)",43,53,7667.84143447876
A*,"(0, 0)","(6, 4)",35,51,7263.680934906006
BFS,"(1, 1)","(9, 9)",17,43,6816.861867904663
DFS,"(1, 1)","(9, 9)",31,41,7492.495536804199
A*,"(1, 1)","(9, 9)",17,21,3887.2745037078857
